{
  "H_ref": [
    [
      0.14937979638510343,
      0.5952479497231773
    ],
    [
      0.7342492546180296,
      0.7459591179155937
    ],
    [
      0.6622414125553597,
      0.2987052942085095
    ]
  ],
  "Io_ref": [
    244.0,
    191.0,
    218.0
  ],
  "alpha": 0.1,
  "beta": 0.15,
  "io_mode": "percentile",
  "io_percentile": 95.0,
  "used_tiles": 168
}